Tool,Accuracy,F1 Score
cnn_lstm,0.6428571428571429,0.782608695652174
effectR,0.8571428571428571,0.923076923076923
