Tool,Accuracy,F1 Score
effectivet3_all,0.6494252873563219,0.7874564459930314
effectivet3_plant,0.40229885057471265,0.5737704918032787
ensemble_weighted,0.9310344827586207,0.9642857142857143
